ds,trend,yhat_lower,yhat_upper,trend_lower,trend_upper,additive_terms,additive_terms_lower,additive_terms_upper,weekly,weekly_lower,weekly_upper,multiplicative_terms,multiplicative_terms_lower,multiplicative_terms_upper,yhat
2024-07-01,451.62911677,298.33076883096027,564.3664895202119,451.62911677,451.62911677,-20.599027747318697,-20.599027747318697,-20.599027747318697,-20.599027747318697,-20.599027747318697,-20.599027747318697,0.0,0.0,0.0,431.0300890226813
2024-07-02,451.0013188001428,352.49151154706436,600.5767513573577,451.0013188001428,451.0013188001428,25.52510541591548,25.52510541591548,25.52510541591548,25.52510541591548,25.52510541591548,25.52510541591548,0.0,0.0,0.0,476.52642421605833
2024-07-03,450.37352083028566,285.1672612433992,562.7581488988945,450.37352083028566,450.37352083028566,-25.109683561975274,-25.109683561975274,-25.109683561975274,-25.109683561975274,-25.109683561975274,-25.109683561975274,0.0,0.0,0.0,425.2638372683104
2024-07-04,449.74572286042854,316.0340416840492,572.7008806680979,449.74572286042854,449.74572286042854,-2.9176936932923567,-2.9176936932923567,-2.9176936932923567,-2.9176936932923567,-2.9176936932923567,-2.9176936932923567,0.0,0.0,0.0,446.8280291671362
2024-07-05,449.1179248905146,339.9339859132952,585.9665085100197,449.1179248905146,449.1179248905146,10.218912009112167,10.218912009112167,10.218912009112167,10.218912009112167,10.218912009112167,10.218912009112167,0.0,0.0,0.0,459.33683689962675
2024-07-06,448.4901269206006,321.10357308632774,587.4509712728727,448.4901269206006,448.4901269206006,0.7170459682474908,0.7170459682474908,0.7170459682474908,0.7170459682474908,0.7170459682474908,0.7170459682474908,0.0,0.0,0.0,449.20717288884805
2024-07-07,447.8623289506865,329.42512452679875,578.3087307280215,447.8623289506865,447.8623289506865,12.16534160928183,12.16534160928183,12.16534160928183,12.16534160928183,12.16534160928183,12.16534160928183,0.0,0.0,0.0,460.0276705599683
2024-07-08,447.2345309787651,308.5720413651541,551.7422300930627,447.2345309787651,447.2345309787651,-20.59902774734317,-20.59902774734317,-20.59902774734317,-20.59902774734317,-20.59902774734317,-20.59902774734317,0.0,0.0,0.0,426.6355032314219
2024-07-09,446.6067330068437,343.9838896361261,599.7061142942554,446.6067330068437,446.6067330068437,25.525105415887726,25.525105415887726,25.525105415887726,25.525105415887726,25.525105415887726,25.525105415887726,0.0,0.0,0.0,472.1318384227314
2024-07-10,445.97893503492224,293.8099991075512,547.7721001053123,445.97893503492224,445.97893503492224,-25.10968356186541,-25.10968356186541,-25.10968356186541,-25.10968356186541,-25.10968356186541,-25.10968356186541,0.0,0.0,0.0,420.8692514730568
2024-07-11,445.35113706233784,313.4328177936899,570.0704229097142,445.35113706233784,445.35113706233784,-2.91769369331318,-2.91769369331318,-2.91769369331318,-2.91769369331318,-2.91769369331318,-2.91769369331318,0.0,0.0,0.0,442.43344336902464
2024-07-12,444.7233390897535,329.12086314689367,588.29963084815,444.7233390897535,444.7233390897535,10.218912009008168,10.218912009008168,10.218912009008168,10.218912009008168,10.218912009008168,10.218912009008168,0.0,0.0,0.0,454.9422510987617
2024-07-13,444.0955411171692,323.0446008618508,578.0357785890848,444.0955411171692,444.0955411171692,0.7170459682070396,0.7170459682070396,0.7170459682070396,0.7170459682070396,0.7170459682070396,0.7170459682070396,0.0,0.0,0.0,444.81258708537626
2024-07-14,443.4677431421133,323.3660121014841,588.4473404790899,443.4677431421133,443.4677431421133,12.165341609207081,12.165341609207081,12.165341609207081,12.165341609207081,12.165341609207081,12.165341609207081,0.0,0.0,0.0,455.6330847513204
2024-07-15,442.83994516705746,304.48110131457474,553.271676612893,442.83994516705746,442.83994516705746,-20.599027747363326,-20.599027747363326,-20.599027747363326,-20.599027747363326,-20.599027747363326,-20.599027747363326,0.0,0.0,0.0,422.24091741969414
2024-07-16,442.21214719371403,350.4356466980818,596.1379025117812,442.21214719371403,442.21214719371403,25.525105415874034,25.525105415874034,25.525105415874034,25.525105415874034,25.525105415874034,25.525105415874034,0.0,0.0,0.0,467.73725260958804
2024-07-17,441.5843492203707,289.2407159187084,542.8872224729702,441.5843492203707,441.5843492203707,-25.109683561953425,-25.109683561953425,-25.109683561953425,-25.109683561953425,-25.109683561953425,-25.109683561953425,0.0,0.0,0.0,416.4746656584173
2024-07-18,440.9565512470274,312.00589543837145,562.691090747008,440.9565512470274,440.9565512470274,-2.917693693195412,-2.917693693195412,-2.917693693195412,-2.917693693195412,-2.917693693195412,-2.917693693195412,0.0,0.0,0.0,438.038857553832
2024-07-19,440.32875327065614,330.41624172798765,584.1019790571122,440.32875327065614,440.32875327065614,10.218912009205743,10.218912009205743,10.218912009205743,10.218912009205743,10.218912009205743,10.218912009205743,0.0,0.0,0.0,450.54766527986186
2024-07-20,439.7009552942849,312.5517897134972,571.2706098802121,439.7009552942849,439.7009552942849,0.7170459682224891,0.7170459682224891,0.7170459682224891,0.7170459682224891,0.7170459682224891,0.7170459682224891,0.0,0.0,0.0,440.41800126250735
2024-07-21,439.0731573179135,317.7211479887566,578.7180162442703,439.0731573179135,439.0731573179135,12.165341609310492,12.165341609310492,12.165341609310492,12.165341609310492,12.165341609310492,12.165341609310492,0.0,0.0,0.0,451.238498927224
2024-07-22,438.44681275122946,294.14170279938276,543.7583367955418,438.44681275122946,438.44681275122946,-20.599027747360395,-20.599027747360395,-20.599027747360395,-20.599027747360395,-20.599027747360395,-20.599027747360395,0.0,0.0,0.0,417.84778500386903
2024-07-23,437.8204681845453,339.4240062612829,594.3247196644303,437.8204681845453,437.8204681845453,25.525105415900043,25.525105415900043,25.525105415900043,25.525105415900043,25.525105415900043,25.525105415900043,0.0,0.0,0.0,463.34557360044533
2024-07-24,437.1941236178612,278.74541548051184,540.1863528393354,437.1941236178612,437.1941236178612,-25.1096835619425,-25.1096835619425,-25.1096835619425,-25.1096835619425,-25.1096835619425,-25.1096835619425,0.0,0.0,0.0,412.08444005591866
2024-07-25,436.567779048667,305.7012903070271,568.5820172074666,436.567779048667,436.567779048667,-2.917693693077644,-2.917693693077644,-2.917693693077644,-2.917693693077644,-2.917693693077644,-2.917693693077644,0.0,0.0,0.0,433.65008535558934
2024-07-26,435.9414344794728,323.9925536150343,566.1238564667572,435.9414344794728,435.9414344794728,10.218912009033108,10.218912009033108,10.218912009033108,10.218912009033108,10.218912009033108,10.218912009033108,0.0,0.0,0.0,446.16034648850587
2024-07-27,435.31508991027863,321.65872098877173,568.3445101770311,435.31508991027863,435.31508991027863,0.7170459681820355,0.7170459681820355,0.7170459681820355,0.7170459681820355,0.7170459681820355,0.7170459681820355,0.0,0.0,0.0,436.0321358784607
2024-07-28,434.6887453422534,324.4333957224608,577.9354920730724,434.6887453422534,434.6887453422534,12.165341609235742,12.165341609235742,12.165341609235742,12.165341609235742,12.165341609235742,12.165341609235742,0.0,0.0,0.0,446.85408695148914
2024-07-29,434.06240077422825,287.1386572219294,540.1857322114436,434.06240077422825,434.06240077422825,-20.599027747330066,-20.599027747330066,-20.599027747330066,-20.599027747330066,-20.599027747330066,-20.599027747330066,0.0,0.0,0.0,413.4633730268982
2024-07-30,433.436056206203,332.22574663001933,581.1722558310513,433.436056206203,433.436056206203,25.525105415886348,25.525105415886348,25.525105415886348,25.525105415886348,25.525105415886348,25.525105415886348,0.0,0.0,0.0,458.9611616220893
2024-07-31,432.8097116362316,269.02706067168265,537.6746289555507,432.8097116362316,432.8097116362316,-25.109683561867694,-25.109683561867694,-25.109683561867694,-25.109683561867694,-25.109683561867694,-25.109683561867694,0.0,0.0,0.0,407.7000280743639
2024-08-01,432.18336706626036,303.55231303346307,556.5671287849973,432.18336706626036,432.18336706626036,-2.917693693237058,-2.917693693237058,-2.917693693237058,-2.917693693237058,-2.917693693237058,-2.917693693237058,0.0,0.0,0.0,429.2656733730233
2024-08-02,431.557022496289,321.41611201175465,557.8408740859794,431.557022496289,431.557022496289,10.21891200923068,10.21891200923068,10.21891200923068,10.21891200923068,10.21891200923068,10.21891200923068,0.0,0.0,0.0,441.7759345055197
2024-08-03,430.93067792582286,313.56225781074954,557.5293664135788,430.93067792582286,430.93067792582286,0.7170459682746989,0.7170459682746989,0.7170459682746989,0.7170459682746989,0.7170459682746989,0.7170459682746989,0.0,0.0,0.0,431.64772389409757
2024-08-04,430.3043333553568,311.0872749029832,570.1514060858856,430.3043333553568,430.3043333553568,12.16534160925007,12.16534160925007,12.16534160925007,12.16534160925007,12.16534160925007,12.16534160925007,0.0,0.0,0.0,442.46967496460684
2024-08-05,429.67798878489066,274.75683578014184,538.8288569013946,429.67798878489066,429.67798878489066,-20.599027747299736,-20.599027747299736,-20.599027747299736,-20.599027747299736,-20.599027747299736,-20.599027747299736,0.0,0.0,0.0,409.07896103759094
2024-08-06,429.0516442132704,320.9166087078914,596.1725869470608,429.0516442132704,429.0516442132704,25.52510541591236,25.52510541591236,25.52510541591236,25.52510541591236,25.52510541591236,25.52510541591236,0.0,0.0,0.0,454.57674962918276
2024-08-07,428.4252996416501,273.66941068250145,531.24730459223,428.4252996416501,428.4252996416501,-25.10968356185677,-25.10968356185677,-25.10968356185677,-25.10968356185677,-25.10968356185677,-25.10968356185677,0.0,0.0,0.0,403.31561607979336
2024-08-08,427.79895506728616,292.4187702084547,545.5135348616647,427.79895506728616,427.79895506728616,-2.91769369311929,-2.91769369311929,-2.91769369311929,-2.91769369311929,-2.91769369311929,-2.91769369311929,0.0,0.0,0.0,424.88126137416685
2024-08-09,427.17261049292216,306.8201617465606,568.4410181779609,427.17261049292216,427.17261049292216,10.218912009126681,10.218912009126681,10.218912009126681,10.218912009126681,10.218912009126681,10.218912009126681,0.0,0.0,0.0,437.3915225020488
2024-08-10,426.5462659185582,303.1589839571207,556.0336003558169,426.5462659185582,426.5462659185582,0.7170459682342429,0.7170459682342429,0.7170459682342429,0.7170459682342429,0.7170459682342429,0.7170459682342429,0.0,0.0,0.0,427.26331188679245
2024-08-11,425.91992134501083,309.7561398941045,572.2907786710831,425.91992134501083,425.91992134501083,12.16534160929716,12.16534160929716,12.16534160929716,12.16534160929716,12.16534160929716,12.16534160929716,0.0,0.0,0.0,438.085262954308
2024-08-12,425.2935767714635,264.7850807942931,527.7717024320733,425.2935767714635,425.2935767714635,-20.599027747402094,-20.599027747402094,-20.599027747402094,-20.599027747402094,-20.599027747402094,-20.599027747402094,0.0,0.0,0.0,404.6945490240614
2024-08-13,424.6672321979162,323.5102861321087,572.513838341017,424.6672321979162,424.6672321979162,25.525105415858956,25.525105415858956,25.525105415858956,25.525105415858956,25.525105415858956,25.525105415858956,0.0,0.0,0.0,450.1923376137751
2024-08-14,424.0408876259309,277.31542487002105,537.8153776676709,424.0408876259309,424.0408876259309,-25.10968356194479,-25.10968356194479,-25.10968356194479,-25.10968356194479,-25.10968356194479,-25.10968356194479,0.0,0.0,0.0,398.9312040639861
2024-08-15,423.4145430539457,290.76567485523447,544.7356950626726,423.4145430539457,423.4145430539457,-2.9176936931401127,-2.9176936931401127,-2.9176936931401127,-2.9176936931401127,-2.9176936931401127,-2.9176936931401127,0.0,0.0,0.0,420.4968493608056
2024-08-16,422.7881984819605,300.4952467452476,555.0568762230735,422.7881984819605,422.7881984819605,10.218912009104832,10.218912009104832,10.218912009104832,10.218912009104832,10.218912009104832,10.218912009104832,0.0,0.0,0.0,433.0071104910653
2024-08-17,422.16185391214873,303.16970753179845,550.2489220695002,422.16185391214873,422.16185391214873,0.717045968326911,0.717045968326911,0.717045968326911,0.717045968326911,0.717045968326911,0.717045968326911,0.0,0.0,0.0,422.8788998804756
2024-08-18,421.5355093423371,301.29351424937613,559.1513907132492,421.5355093423371,421.5355093423371,12.165341609311492,12.165341609311492,12.165341609311492,12.165341609311492,12.165341609311492,12.165341609311492,0.0,0.0,0.0,433.7008509516486
2024-08-19,420.90916477252546,265.7058521901353,531.7696362115408,420.90916477252546,420.90916477252546,-20.599027747399166,-20.599027747399166,-20.599027747399166,-20.599027747399166,-20.599027747399166,-20.599027747399166,0.0,0.0,0.0,400.31013702512627
2024-08-20,420.28282020287645,332.3644134473936,574.3985831463198,420.28282020287645,420.28282020287645,25.525105415884966,25.525105415884966,25.525105415884966,25.525105415884966,25.525105415884966,25.525105415884966,0.0,0.0,0.0,445.80792561876143
2024-08-21,419.65647563322744,260.63185179993894,522.1476517745931,419.65647563322744,419.65647563322744,-25.109683561933867,-25.109683561933867,-25.109683561933867,-25.109683561933867,-25.109683561933867,-25.109683561933867,0.0,0.0,0.0,394.54679207129357
2024-08-22,419.03013106357844,292.3858025877548,535.8205012329298,419.03013106357844,419.03013106357844,-2.917693693220008,-2.917693693220008,-2.917693693220008,-2.917693693220008,-2.917693693220008,-2.917693693220008,0.0,0.0,0.0,416.1124373703584
2024-08-23,418.4037864924489,299.15684910585645,555.0615338315432,418.4037864924489,418.4037864924489,10.21891200915162,10.21891200915162,10.21891200915162,10.21891200915162,10.21891200915162,10.21891200915162,0.0,0.0,0.0,428.6226985016005
2024-08-24,417.77744192131945,292.5298566399845,541.4898398343632,417.77744192131945,417.77744192131945,0.7170459681533382,0.7170459681533382,0.7170459681533382,0.7170459681533382,0.7170459681533382,0.7170459681533382,0.0,0.0,0.0,418.4944878894728
2024-08-25,417.15109735018984,307.78081398089597,557.6796421039954,417.15109735018984,417.15109735018984,12.16534160923674,12.16534160923674,12.16534160923674,12.16534160923674,12.16534160923674,12.16534160923674,0.0,0.0,0.0,429.3164389594266
2024-08-26,416.5247337546611,265.54417515233564,521.1955886274625,416.5247337546611,416.5247337546611,-20.599027747368833,-20.599027747368833,-20.599027747368833,-20.599027747368833,-20.599027747368833,-20.599027747368833,0.0,0.0,0.0,395.92570600729226
2024-08-27,415.8983701591324,315.5221769949515,572.1048250422532,415.8983701591324,415.8983701591324,25.525105415896917,25.525105415896917,25.525105415896917,25.525105415896917,25.525105415896917,25.525105415896917,0.0,0.0,0.0,441.42347557502933
2024-08-28,415.27200656360367,265.47825409741387,528.316520337931,415.27200656360367,415.27200656360367,-25.109683562021885,-25.109683562021885,-25.109683562021885,-25.109683562021885,-25.109683562021885,-25.109683562021885,0.0,0.0,0.0,390.1623230015818
2024-08-29,414.645642968595,283.76947117339336,531.2576464503014,414.645642968595,414.645642968595,-2.9176936932408304,-2.9176936932408304,-2.9176936932408304,-2.9176936932408304,-2.9176936932408304,-2.9176936932408304,0.0,0.0,0.0,411.72794927535415
2024-08-30,414.0192793735863,302.9214306410854,552.2803808105767,414.0192793735863,414.0192793735863,10.218912009198407,10.218912009198407,10.218912009198407,10.218912009198407,10.218912009198407,10.218912009198407,0.0,0.0,0.0,424.2381913827847
2024-08-31,413.39291577517696,290.3245252845759,531.6410738935468,413.39291577517696,413.39291577517696,0.7170459682459991,0.7170459682459991,0.7170459682459991,0.7170459682459991,0.7170459682459991,0.7170459682459991,0.0,0.0,0.0,414.10996174342296
2024-09-01,412.76655217676773,295.7850782873895,550.9010812191451,412.76655217676773,412.76655217676773,12.16534160925107,12.16534160925107,12.16534160925107,12.16534160925107,12.16534160925107,12.16534160925107,0.0,0.0,0.0,424.9318937860188
2024-09-02,412.1401885783585,265.5393159319044,522.4179752499302,412.1401885783585,412.1401885783585,-20.599027747338504,-20.599027747338504,-20.599027747338504,-20.599027747338504,-20.599027747338504,-20.599027747338504,0.0,0.0,0.0,391.54116083102
2024-09-03,411.51382497726615,309.1070609729338,562.92577688363,411.51382497726615,411.51382497726615,25.525105415883225,25.525105415883225,25.525105415883225,25.525105415883225,25.525105415883225,25.525105415883225,0.0,0.0,0.0,437.03893039314937
2024-09-04,410.88746137617375,258.4379842877051,513.5487337348233,410.88746137617375,410.88746137617375,-25.109683561912018,-25.109683561912018,-25.109683561912018,-25.109683561912018,-25.109683561912018,-25.109683561912018,0.0,0.0,0.0,385.77777781426175
2024-09-05,410.26109777508134,282.38572586034945,541.4048224824309,410.26109777508134,410.26109777508134,-2.9176936932616537,-2.9176936932616537,-2.9176936932616537,-2.9176936932616537,-2.9176936932616537,-2.9176936932616537,0.0,0.0,0.0,407.3434040818197
2024-09-06,409.63473417458016,294.8095524103692,550.7501549248874,409.63473417458016,409.63473417458016,10.218912009094408,10.218912009094408,10.218912009094408,10.218912009094408,10.218912009094408,10.218912009094408,0.0,0.0,0.0,419.8536461836746
2024-09-07,409.0083705740789,288.5234034110243,535.4095164850785,409.0083705740789,409.0083705740789,0.717045968261451,0.717045968261451,0.717045968261451,0.717045968261451,0.717045968261451,0.717045968261451,0.0,0.0,0.0,409.7254165423404
2024-09-08,408.38200697357763,294.8082122579213,547.3804454141638,408.38200697357763,408.38200697357763,12.165341609298162,12.165341609298162,12.165341609298162,12.165341609298162,12.165341609298162,12.165341609298162,0.0,0.0,0.0,420.54734858287577
2024-09-09,407.75564337063724,261.8209020538685,505.6328054402018,407.75564337063724,407.75564337063724,-20.599027747335576,-20.599027747335576,-20.599027747335576,-20.599027747335576,-20.599027747335576,-20.599027747335576,0.0,0.0,0.0,387.15661562330166
2024-09-10,407.12927976769686,311.8935339446545,558.1615743826206,407.12927976769686,407.12927976769686,25.525105415869525,25.525105415869525,25.525105415869525,25.525105415869525,25.525105415869525,25.525105415869525,0.0,0.0,0.0,432.6543851835664
2024-09-11,406.5029161647566,258.03835620659373,505.5532021786799,406.5029161647566,406.5029161647566,-25.10968356200004,-25.10968356200004,-25.10968356200004,-25.10968356200004,-25.10968356200004,-25.10968356200004,0.0,0.0,0.0,381.39323260275654
2024-09-12,405.876552560534,272.6047987159154,529.3818142159262,405.876552560534,405.876552560534,-2.9176936933415485,-2.9176936933415485,-2.9176936933415485,-2.9176936933415485,-2.9176936933415485,-2.9176936933415485,0.0,0.0,0.0,402.9588588671924
2024-09-13,405.2501889563114,292.56225505723114,550.1452177626597,405.2501889563114,405.2501889563114,10.21891200899041,10.21891200899041,10.21891200899041,10.21891200899041,10.21891200899041,10.21891200899041,0.0,0.0,0.0,415.4691009653018
2024-09-14,404.62382535208883,282.30252716070265,535.7565951226255,404.62382535208883,404.62382535208883,0.7170459682209974,0.7170459682209974,0.7170459682209974,0.7170459682209974,0.7170459682209974,0.7170459682209974,0.0,0.0,0.0,405.3408713203098
2024-09-15,403.9974617478662,288.89198508578926,545.6647274054976,403.9974617478662,403.9974617478662,12.165341609401572,12.165341609401572,12.165341609401572,12.165341609401572,12.165341609401572,12.165341609401572,0.0,0.0,0.0,416.1628033572678
2024-09-16,403.3710981436437,257.4918796738341,507.1618859929135,403.3710981436437,403.3710981436437,-20.59902774733265,-20.59902774733265,-20.59902774733265,-20.59902774733265,-20.59902774733265,-20.59902774733265,0.0,0.0,0.0,382.77207039631105
2024-09-17,402.7447345394211,302.0026235094321,559.3560509177637,402.7447345394211,402.7447345394211,25.52510541589554,25.52510541589554,25.52510541589554,25.52510541589554,25.52510541589554,25.52510541589554,0.0,0.0,0.0,428.2698399553166
2024-09-18,402.11837093519847,247.3488886213393,520.2752017503703,402.11837093519847,402.11837093519847,-25.109683561925227,-25.109683561925227,-25.109683561925227,-25.109683561925227,-25.109683561925227,-25.109683561925227,0.0,0.0,0.0,377.00868737327323
2024-09-19,401.492007330976,271.0545194909372,526.127930034503,401.492007330976,401.492007330976,-2.9176936932237805,-2.9176936932237805,-2.9176936932237805,-2.9176936932237805,-2.9176936932237805,-2.9176936932237805,0.0,0.0,0.0,398.5743136377522
2024-09-20,400.86564372675343,286.0212343753946,537.2229286019174,400.86564372675343,400.86564372675343,10.218912009037197,10.218912009037197,10.218912009037197,10.218912009037197,10.218912009037197,10.218912009037197,0.0,0.0,0.0,411.0845557357906
2024-09-21,400.23928012253083,269.0495186442766,526.6006392802171,400.23928012253083,400.23928012253083,0.7170459681805487,0.7170459681805487,0.7170459681805487,0.7170459681805487,0.7170459681805487,0.7170459681805487,0.0,0.0,0.0,400.9563260907114
2024-09-22,399.6129165183082,278.1413611079845,537.687454849328,399.6129165183082,399.6129165183082,12.165341609326822,12.165341609326822,12.165341609326822,12.165341609326822,12.165341609326822,12.165341609326822,0.0,0.0,0.0,411.77825812763507
2024-09-23,398.9865529140857,247.75181719068394,511.053665750979,398.9865529140857,398.9865529140857,-20.5990277473802,-20.5990277473802,-20.5990277473802,-20.5990277473802,-20.5990277473802,-20.5990277473802,0.0,0.0,0.0,378.3875251667055
2024-09-24,398.3601893098631,286.0127060410829,551.0248075983027,398.3601893098631,398.3601893098631,25.525105415921548,25.525105415921548,25.525105415921548,25.525105415921548,25.525105415921548,25.525105415921548,0.0,0.0,0.0,423.8852947257846
2024-09-25,397.7338257056405,241.0031473535249,496.186327035833,397.7338257056405,397.7338257056405,-25.109683561914306,-25.109683561914306,-25.109683561914306,-25.109683561914306,-25.109683561914306,-25.109683561914306,0.0,0.0,0.0,372.6241421437262
2024-09-26,397.1074621014179,261.7240874738132,522.4408878162614,397.1074621014179,397.1074621014179,-2.9176936933831943,-2.9176936933831943,-2.9176936933831943,-2.9176936933831943,-2.9176936933831943,-2.9176936933831943,0.0,0.0,0.0,394.18976840803475
2024-09-27,396.4810984971953,276.37056396779025,524.9191408912355,396.4810984971953,396.4810984971953,10.218912009083985,10.218912009083985,10.218912009083985,10.218912009083985,10.218912009083985,10.218912009083985,0.0,0.0,0.0,406.7000105062793
2024-09-28,395.8547348929728,265.30501379829525,520.4179206073995,395.8547348929728,395.8547348929728,0.7170459682732097,0.7170459682732097,0.7170459682732097,0.7170459682732097,0.7170459682732097,0.7170459682732097,0.0,0.0,0.0,396.571780861246
2024-09-29,395.22837128875017,275.89919011537194,537.6699582213173,395.22837128875017,395.22837128875017,12.16534160934115,12.16534160934115,12.16534160934115,12.16534160934115,12.16534160934115,12.16534160934115,0.0,0.0,0.0,407.39371289809134
2024-09-30,394.60200768452756,247.5790208770365,501.44741955749447,394.60200768452756,394.60200768452756,-20.59902774734987,-20.59902774734987,-20.59902774734987,-20.59902774734987,-20.59902774734987,-20.59902774734987,0.0,0.0,0.0,374.0029799371777
2024-10-01,393.975644080305,295.8251644175246,542.7131088389532,393.97563550499615,393.9756527383457,25.525105415907852,25.525105415907852,25.525105415907852,25.525105415907852,25.525105415907852,25.525105415907852,0.0,0.0,0.0,419.50074949621285
2024-10-02,393.3492804760824,239.00882838487786,493.84134802351093,393.34923461991036,393.34932913469186,-25.109683561903385,-25.109683561903385,-25.109683561903385,-25.109683561903385,-25.109683561903385,-25.109683561903385,0.0,0.0,0.0,368.239596914179
2024-10-03,392.72291687185987,266.85495071883116,512.4292595125497,392.7228129973566,392.72304377023346,-2.9176936932654263,-2.9176936932654263,-2.9176936932654263,-2.9176936932654263,-2.9176936932654263,-2.9176936932654263,0.0,0.0,0.0,389.8052231785944
2024-10-04,392.09655326763726,272.2366217382441,520.062974937972,392.09636502931187,392.09676836393027,10.218912009062137,10.218912009062137,10.218912009062137,10.218912009062137,10.218912009062137,10.218912009062137,0.0,0.0,0.0,402.3154652766994
2024-10-05,391.47018966341466,263.14802164120556,531.8045294973487,391.46989082755385,391.47050097812956,0.7170459683658706,0.7170459683658706,0.7170459683658706,0.7170459683658706,0.7170459683658706,0.7170459683658706,0.0,0.0,0.0,392.18723563178054
2024-10-06,390.8438260591921,287.0702723921832,530.3314190100807,390.84341824387,390.8442485013045,12.165341609266402,12.165341609266402,12.165341609266402,12.165341609266402,12.165341609266402,12.165341609266402,0.0,0.0,0.0,403.00916766845853
2024-10-07,390.2174624549695,248.7472469952429,502.08496143490044,390.21693147520546,390.21799405459547,-20.599027747374347,-20.599027747374347,-20.599027747374347,-20.599027747374347,-20.599027747374347,-20.599027747374347,0.0,0.0,0.0,369.61843470759516
2024-10-08,389.591098850747,288.2115363117733,544.7657335911755,389.5904297576408,389.5917892640372,25.525105415894156,25.525105415894156,25.525105415894156,25.525105415894156,25.525105415894156,25.525105415894156,0.0,0.0,0.0,415.11620426664115
2024-10-09,388.9647352465244,232.65604941466262,488.8176825340835,388.96392040653916,388.96557388594715,-25.10968356182857,-25.10968356182857,-25.10968356182857,-25.10968356182857,-25.10968356182857,-25.10968356182857,0.0,0.0,0.0,363.85505168469587
2024-10-10,388.33837164230187,254.91865587127765,510.01217540300587,388.33742684571394,388.3393619888812,-2.917693693286249,-2.917693693286249,-2.917693693286249,-2.917693693286249,-2.917693693286249,-2.917693693286249,0.0,0.0,0.0,385.4206779490156
2024-10-11,387.71200803807926,266.2068899666781,530.2113160648925,387.7108679064617,387.71315687159455,10.218912008958137,10.218912008958137,10.218912008958137,10.218912008958137,10.218912008958137,10.218912008958137,0.0,0.0,0.0,397.9309200470374
2024-10-12,387.0856444338567,255.65133555123634,516.4925640690498,387.0843864394813,387.08692470980816,0.7170459682482055,0.7170459682482055,0.7170459682482055,0.7170459682482055,0.7170459682482055,0.7170459682482055,0.0,0.0,0.0,387.80269040210493
2024-10-13,386.4592808296341,275.8767231480287,540.9338165335761,386.45788785781826,386.4607619479627,12.16534160928073,12.16534160928073,12.16534160928073,12.16534160928073,12.16534160928073,12.16534160928073,0.0,0.0,0.0,398.62462243891486
2024-10-14,385.8329172254115,232.83567226982913,480.1109701664872,385.8313687208745,385.8345848328929,-20.59902774734401,-20.59902774734401,-20.59902774734401,-20.59902774734401,-20.59902774734401,-20.59902774734401,0.0,0.0,0.0,365.2338894780675
2024-10-15,385.20655362118896,287.0397358574883,536.69599314044,385.20481462912494,385.2083481626742,25.525105415906104,25.525105415906104,25.525105415906104,25.525105415906104,25.525105415906104,25.525105415906104,0.0,0.0,0.0,410.7316590370951
2024-10-16,384.58019001696636,233.12654026854378,484.55961697939284,384.57827351461026,384.5821636626054,-25.109683561817647,-25.109683561817647,-25.109683561817647,-25.109683561817647,-25.109683561817647,-25.109683561817647,0.0,0.0,0.0,359.4705064551487
2024-10-17,383.95382641274375,253.89861740129044,504.4119511488758,383.95175901861245,383.9560664108287,-2.917693693168481,-2.917693693168481,-2.917693693168481,-2.917693693168481,-2.917693693168481,-2.917693693168481,0.0,0.0,0.0,381.0361327195753
2024-10-18,383.3274628085212,258.91801168571607,519.7947886579167,383.32521106805416,383.3298955326709,10.218912009155712,10.218912009155712,10.218912009155712,10.218912009155712,10.218912009155712,10.218912009155712,0.0,0.0,0.0,393.5463748176769
2024-10-19,382.7010992042986,261.9046573290428,514.5646604101445,382.69869059628815,382.7037226700298,0.7170459680746374,0.7170459680746374,0.7170459680746374,0.7170459680746374,0.7170459680746374,0.7170459680746374,0.0,0.0,0.0,383.4181451723732
2024-10-20,382.07473560007605,267.69845593213336,517.1975806760026,382.0721176626794,382.07752149147893,12.165341609327818,12.165341609327818,12.165341609327818,12.165341609327818,12.165341609327818,12.165341609327818,0.0,0.0,0.0,394.24007720940386
2024-10-21,381.44837199585345,242.5786577131442,478.08909859399245,381.4455453206041,381.4513483497681,-20.599027747341086,-20.599027747341086,-20.599027747341086,-20.599027747341086,-20.599027747341086,-20.599027747341086,0.0,0.0,0.0,360.84934424851235
2024-10-22,380.82200839163085,283.9297381033796,529.3659448690025,380.8189898495322,380.82518260753704,25.525105415892412,25.525105415892412,25.525105415892412,25.525105415892412,25.525105415892412,25.525105415892412,0.0,0.0,0.0,406.3471138075233
2024-10-23,380.1956447874083,230.57881520600372,484.83522511416595,380.1924038365835,380.1990854620195,-25.109683561905673,-25.109683561905673,-25.109683561905673,-25.109683561905673,-25.109683561905673,-25.109683561905673,0.0,0.0,0.0,355.0859612255026
2024-10-24,379.5692811831858,244.98816731769563,502.980119049349,379.5658815817783,379.5730167660815,-2.9176936931893045,-2.9176936931893045,-2.9176936931893045,-2.9176936931893045,-2.9176936931893045,-2.9176936931893045,0.0,0.0,0.0,376.65158748999653
2024-10-25,378.9429175789632,263.4480467357915,513.0325625759612,378.9392760662173,378.9468760342916,10.218912009051712,10.218912009051712,10.218912009051712,10.218912009051712,10.218912009051712,10.218912009051712,0.0,0.0,0.0,389.16182958801494
2024-10-26,378.3165539747406,260.91625206014606,501.48582856518874,378.31272565926196,378.32068089675414,0.7170459681672984,0.7170459681672984,0.7170459681672984,0.7170459681672984,0.7170459681672984,0.7170459681672984,0.0,0.0,0.0,379.0335999429079
2024-10-27,377.69019037051805,264.75709897034943,517.806876762383,377.68614286264545,377.69455881970714,12.165341609342152,12.165341609342152,12.165341609342152,12.165341609342152,12.165341609342152,12.165341609342152,0.0,0.0,0.0,389.8555319798602
2024-10-28,377.06382676629545,226.8089441968826,482.5030816149627,377.05956528066093,377.0684337495417,-20.599027747310757,-20.599027747310757,-20.599027747310757,-20.599027747310757,-20.599027747310757,-20.599027747310757,0.0,0.0,0.0,356.4647990189847
2024-10-29,376.4374631620729,275.0802045389084,530.2384713062188,376.43295549677674,376.44226628140046,25.52510541587872,25.52510541587872,25.52510541587872,25.52510541587872,25.52510541587872,25.52510541587872,0.0,0.0,0.0,401.96256857795163
2024-10-30,375.8110995578503,229.0950091168884,481.8971712156334,375.80632942878196,375.8161484176709,-25.109683561795798,-25.109683561795798,-25.109683561795798,-25.109683561795798,-25.109683561795798,-25.109683561795798,0.0,0.0,0.0,350.7014159960545
